Game_id,Score,Steps,Epsilon
1,0,46,1.002
2,1,27,1.0010000000000001
3,1,52,1.0000000000000002
4,0,72,0.9990000000000002
5,1,45,0.9980000000000002
6,0,41,0.9970000000000002
7,1,55,0.9960000000000002
8,0,100,0.9950000000000002
9,0,84,0.9940000000000002
10,0,66,0.9930000000000002
11,0,21,0.9920000000000002
12,0,41,0.9910000000000002
13,0,129,0.9900000000000002
14,1,60,0.9890000000000002
15,0,194,0.9880000000000002
16,0,47,0.9870000000000002
17,0,30,0.9860000000000002
18,0,38,0.9850000000000002
19,0,96,0.9840000000000002
20,0,14,0.9830000000000002
21,0,17,0.9820000000000002
22,1,47,0.9810000000000002
23,0,41,0.9800000000000002
24,0,108,0.9790000000000002
25,0,61,0.9780000000000002
26,0,32,0.9770000000000002
27,0,34,0.9760000000000002
28,0,19,0.9750000000000002
29,0,85,0.9740000000000002
30,0,75,0.9730000000000002
31,0,22,0.9720000000000002
32,0,42,0.9710000000000002
33,0,57,0.9700000000000002
34,0,30,0.9690000000000002
35,0,100,0.9680000000000002
36,0,59,0.9670000000000002
37,0,68,0.9660000000000002
38,0,39,0.9650000000000002
39,0,36,0.9640000000000002
40,1,59,0.9630000000000002
41,0,28,0.9620000000000002
42,0,43,0.9610000000000002
43,0,41,0.9600000000000002
44,0,92,0.9590000000000002
45,0,57,0.9580000000000002
46,0,47,0.9570000000000002
47,0,51,0.9560000000000002
48,0,21,0.9550000000000002
49,0,137,0.9540000000000002
50,0,52,0.9530000000000002
51,0,88,0.9520000000000002
52,0,106,0.9510000000000002
53,0,59,0.9500000000000002
54,0,98,0.9490000000000002
55,0,164,0.9480000000000002
56,0,37,0.9470000000000002
57,0,32,0.9460000000000002
58,0,51,0.9450000000000002
59,0,50,0.9440000000000002
60,0,117,0.9430000000000002
61,1,33,0.9420000000000002
62,0,64,0.9410000000000002
63,0,70,0.9400000000000002
64,0,35,0.9390000000000002
65,0,19,0.9380000000000002
66,0,70,0.9370000000000002
67,0,39,0.9360000000000002
68,0,119,0.9350000000000002
69,1,15,0.9340000000000002
70,0,43,0.9330000000000002
71,1,41,0.9320000000000002
72,0,35,0.9310000000000002
73,0,165,0.9300000000000002
74,0,221,0.9290000000000002
75,1,172,0.9280000000000002
76,0,20,0.9270000000000002
77,0,31,0.9260000000000002
78,0,149,0.9250000000000002
79,0,140,0.9240000000000002
80,0,56,0.9230000000000002
81,0,64,0.9220000000000002
82,0,68,0.9210000000000002
83,0,177,0.9200000000000002
84,0,28,0.9190000000000002
85,0,40,0.9180000000000001
86,0,27,0.9170000000000001
87,1,106,0.9160000000000001
88,0,195,0.9150000000000001
89,1,120,0.9140000000000001
90,0,88,0.9130000000000001
91,1,61,0.9120000000000001
92,0,278,0.9110000000000001
93,0,166,0.9100000000000001
94,0,33,0.9090000000000001
95,1,61,0.9080000000000001
96,0,60,0.9070000000000001
97,0,59,0.9060000000000001
98,0,99,0.9050000000000001
99,0,27,0.9040000000000001
100,0,60,0.9030000000000001
101,0,67,0.9020000000000001
102,0,86,0.9010000000000001
103,0,88,0.9000000000000001
104,0,37,0.8990000000000001
105,0,35,0.8980000000000001
106,1,51,0.8970000000000001
107,0,32,0.8960000000000001
108,1,33,0.8950000000000001
109,0,36,0.8940000000000001
110,0,221,0.8930000000000001
111,0,48,0.8920000000000001
112,1,16,0.8910000000000001
113,1,177,0.8900000000000001
114,0,43,0.8890000000000001
115,0,98,0.8880000000000001
116,0,26,0.8870000000000001
117,1,37,0.8860000000000001
118,0,17,0.8850000000000001
119,0,34,0.8840000000000001
120,0,26,0.8830000000000001
121,0,31,0.8820000000000001
122,0,137,0.8810000000000001
123,0,64,0.8800000000000001
124,0,78,0.8790000000000001
125,1,72,0.8780000000000001
126,0,95,0.8770000000000001
127,1,79,0.8760000000000001
128,0,101,0.8750000000000001
129,0,131,0.8740000000000001
130,0,28,0.8730000000000001
131,1,35,0.8720000000000001
132,0,85,0.8710000000000001
133,0,23,0.8700000000000001
134,0,20,0.8690000000000001
135,0,68,0.8680000000000001
136,1,19,0.8670000000000001
137,0,24,0.8660000000000001
138,0,119,0.8650000000000001
139,0,50,0.8640000000000001
140,0,111,0.8630000000000001
141,0,64,0.8620000000000001
142,0,58,0.8610000000000001
143,0,111,0.8600000000000001
144,0,28,0.8590000000000001
145,0,46,0.8580000000000001
146,1,80,0.8570000000000001
147,0,71,0.8560000000000001
148,0,74,0.8550000000000001
149,0,160,0.8540000000000001
150,0,23,0.8530000000000001
151,0,34,0.8520000000000001
152,0,179,0.8510000000000001
153,1,157,0.8500000000000001
154,0,42,0.8490000000000001
155,0,24,0.8480000000000001
156,1,9,0.8470000000000001
157,0,108,0.8460000000000001
158,0,50,0.8450000000000001
159,0,29,0.8440000000000001
160,0,90,0.8430000000000001
161,0,32,0.8420000000000001
162,0,44,0.8410000000000001
163,1,102,0.8400000000000001
164,0,86,0.8390000000000001
165,0,98,0.8380000000000001
166,0,66,0.8370000000000001
167,0,27,0.8360000000000001
168,0,228,0.8350000000000001
169,1,26,0.8340000000000001
170,0,44,0.8330000000000001
171,1,86,0.8320000000000001
172,0,66,0.8310000000000001
173,0,42,0.8300000000000001
174,0,32,0.8290000000000001
175,0,55,0.8280000000000001
176,0,107,0.8270000000000001
177,0,45,0.8260000000000001
178,0,176,0.8250000000000001
179,0,62,0.8240000000000001
180,1,139,0.8230000000000001
181,1,13,0.8220000000000001
182,0,24,0.8210000000000001
183,0,21,0.8200000000000001
184,1,15,0.8190000000000001
185,0,21,0.8180000000000001
186,0,73,0.8170000000000001
187,0,177,0.8160000000000001
188,0,53,0.8150000000000001
189,0,55,0.8140000000000001
190,0,64,0.8130000000000001
191,0,32,0.812
192,0,357,0.811
193,1,25,0.81
194,1,112,0.809
195,0,77,0.808
196,0,147,0.807
197,0,99,0.806
198,1,32,0.805
199,0,80,0.804
200,0,54,0.803
201,0,97,0.802
202,0,120,0.801
203,1,24,0.8
204,1,40,0.799
205,1,62,0.798
206,0,91,0.797
207,0,38,0.796
208,1,372,0.795
209,0,61,0.794
210,0,149,0.793
211,0,50,0.792
212,1,42,0.791
213,1,8,0.79
214,0,152,0.789
215,0,42,0.788
216,1,116,0.787
217,0,117,0.786
218,0,57,0.785
219,0,90,0.784
220,0,53,0.783
221,0,164,0.782
222,1,26,0.781
223,0,31,0.78
224,0,30,0.779
225,0,31,0.778
226,0,38,0.777
227,0,60,0.776
228,0,169,0.775
229,0,70,0.774
230,1,48,0.773
231,0,23,0.772
232,0,53,0.771
233,0,25,0.77
234,0,26,0.769
235,0,91,0.768
236,0,25,0.767
237,1,26,0.766
238,0,254,0.765
239,0,84,0.764
240,0,107,0.763
241,0,160,0.762
242,0,132,0.761
243,1,48,0.76
244,1,45,0.759
245,0,30,0.758
246,0,29,0.757
247,0,44,0.756
248,1,57,0.755
249,0,54,0.754
250,0,62,0.753
251,1,159,0.752
252,0,26,0.751
253,0,100,0.75
254,0,54,0.749
255,0,40,0.748
256,0,136,0.747
257,0,74,0.746
258,0,36,0.745
259,0,64,0.744
260,0,14,0.743
261,0,22,0.742
262,0,113,0.741
263,0,72,0.74
264,0,61,0.739
265,0,66,0.738
266,1,20,0.737
267,1,13,0.736
268,0,30,0.735
269,0,85,0.734
270,0,95,0.733
271,0,141,0.732
272,0,43,0.731
273,0,35,0.73
274,1,99,0.729
275,0,40,0.728
276,0,24,0.727
277,0,30,0.726
278,0,34,0.725
279,1,6,0.724
280,0,81,0.723
281,0,28,0.722
282,1,18,0.721
283,0,18,0.72
284,0,40,0.719
285,1,114,0.718
286,0,30,0.717
287,0,60,0.716
288,0,47,0.715
289,1,24,0.714
290,1,131,0.713
291,1,61,0.712
292,1,12,0.711
293,0,26,0.71
294,1,54,0.709
295,1,131,0.708
296,0,57,0.707
297,0,27,0.706
298,0,33,0.705
299,0,41,0.704
300,0,65,0.703
301,0,55,0.702
302,0,279,0.701
303,0,42,0.7
304,1,50,0.699
305,0,21,0.698
306,1,34,0.697
307,1,29,0.696
308,0,26,0.695
309,0,48,0.694
310,0,51,0.693
311,0,18,0.692
312,1,22,0.691
313,0,52,0.69
314,0,55,0.689
315,1,16,0.688
316,0,67,0.6869999999999999
317,1,47,0.6859999999999999
318,0,55,0.6849999999999999
319,0,35,0.6839999999999999
320,0,13,0.6829999999999999
321,0,70,0.6819999999999999
322,0,81,0.6809999999999999
323,0,76,0.6799999999999999
324,1,37,0.6789999999999999
325,0,24,0.6779999999999999
326,1,43,0.6769999999999999
327,0,58,0.6759999999999999
328,0,35,0.6749999999999999
329,0,73,0.6739999999999999
330,0,57,0.6729999999999999
331,0,200,0.6719999999999999
332,0,70,0.6709999999999999
333,1,211,0.6699999999999999
334,1,48,0.6689999999999999
335,0,64,0.6679999999999999
336,1,74,0.6669999999999999
337,0,31,0.6659999999999999
338,0,34,0.6649999999999999
339,1,7,0.6639999999999999
340,0,45,0.6629999999999999
341,0,62,0.6619999999999999
342,0,59,0.6609999999999999
343,0,35,0.6599999999999999
344,1,94,0.6589999999999999
345,0,51,0.6579999999999999
346,2,118,0.6569999999999999
347,0,111,0.6559999999999999
348,0,44,0.6549999999999999
349,1,29,0.6539999999999999
350,0,76,0.6529999999999999
351,1,8,0.6519999999999999
352,1,34,0.6509999999999999
353,0,39,0.6499999999999999
354,0,54,0.6489999999999999
355,0,42,0.6479999999999999
356,0,103,0.6469999999999999
357,1,26,0.6459999999999999
358,0,22,0.6449999999999999
359,2,65,0.6439999999999999
360,0,22,0.6429999999999999
361,1,74,0.6419999999999999
362,0,105,0.6409999999999999
363,0,72,0.6399999999999999
364,0,103,0.6389999999999999
365,0,65,0.6379999999999999
366,2,26,0.6369999999999999
367,1,41,0.6359999999999999
368,0,18,0.6349999999999999
369,0,34,0.6339999999999999
370,0,120,0.6329999999999999
371,0,37,0.6319999999999999
372,1,30,0.6309999999999999
373,1,69,0.6299999999999999
374,1,50,0.6289999999999999
375,0,60,0.6279999999999999
376,0,48,0.6269999999999999
377,1,10,0.6259999999999999
378,0,37,0.6249999999999999
379,0,24,0.6239999999999999
380,2,43,0.6229999999999999
381,0,21,0.6219999999999999
382,0,28,0.6209999999999999
383,1,155,0.6199999999999999
384,0,47,0.6189999999999999
385,1,187,0.6179999999999999
386,1,114,0.6169999999999999
387,1,44,0.6159999999999999
388,0,19,0.6149999999999999
389,0,88,0.6139999999999999
390,1,138,0.6129999999999999
391,0,34,0.6119999999999999
392,1,43,0.6109999999999999
393,0,246,0.6099999999999999
394,1,46,0.6089999999999999
395,0,53,0.6079999999999999
396,0,99,0.6069999999999999
397,2,45,0.6059999999999999
398,0,40,0.6049999999999999
399,0,19,0.6039999999999999
400,1,64,0.6029999999999999
401,0,23,0.6019999999999999
402,0,26,0.6009999999999999
403,0,163,0.5999999999999999
404,1,93,0.5989999999999999
405,1,17,0.5979999999999999
406,0,217,0.5969999999999999
407,0,120,0.5959999999999999
408,1,75,0.5949999999999999
409,1,12,0.5939999999999999
410,1,93,0.5929999999999999
411,0,112,0.5919999999999999
412,1,48,0.5909999999999999
413,1,61,0.5899999999999999
414,1,62,0.5889999999999999
415,1,97,0.5879999999999999
416,0,40,0.5869999999999999
417,0,38,0.5859999999999999
418,1,12,0.5849999999999999
419,1,29,0.5839999999999999
420,0,34,0.5829999999999999
421,0,232,0.5819999999999999
422,1,57,0.5809999999999998
423,1,113,0.5799999999999998
424,1,9,0.5789999999999998
425,0,23,0.5779999999999998
426,0,117,0.5769999999999998
427,0,42,0.5759999999999998
428,1,64,0.5749999999999998
429,0,142,0.5739999999999998
430,1,42,0.5729999999999998
431,2,132,0.5719999999999998
432,1,64,0.5709999999999998
433,1,31,0.5699999999999998
434,1,10,0.5689999999999998
435,1,38,0.5679999999999998
436,1,9,0.5669999999999998
437,2,56,0.5659999999999998
438,1,21,0.5649999999999998
439,1,13,0.5639999999999998
440,0,31,0.5629999999999998
441,0,13,0.5619999999999998
442,1,34,0.5609999999999998
443,0,70,0.5599999999999998
444,0,32,0.5589999999999998
445,1,32,0.5579999999999998
446,1,26,0.5569999999999998
447,1,36,0.5559999999999998
448,0,53,0.5549999999999998
449,1,89,0.5539999999999998
450,1,47,0.5529999999999998
451,1,109,0.5519999999999998
452,1,34,0.5509999999999998
453,1,46,0.5499999999999998
454,1,22,0.5489999999999998
455,1,66,0.5479999999999998
456,0,13,0.5469999999999998
457,1,88,0.5459999999999998
458,0,62,0.5449999999999998
459,1,30,0.5439999999999998
460,1,102,0.5429999999999998
461,0,16,0.5419999999999998
462,1,18,0.5409999999999998
463,0,13,0.5399999999999998
464,1,109,0.5389999999999998
465,1,16,0.5379999999999998
466,0,57,0.5369999999999998
467,1,76,0.5359999999999998
468,0,80,0.5349999999999998
469,0,37,0.5339999999999998
470,1,65,0.5329999999999998
471,1,50,0.5319999999999998
472,1,21,0.5309999999999998
473,0,15,0.5299999999999998
474,0,27,0.5289999999999998
475,1,35,0.5279999999999998
476,0,14,0.5269999999999998
477,0,34,0.5259999999999998
478,1,58,0.5249999999999998
479,0,19,0.5239999999999998
480,1,33,0.5229999999999998
481,0,138,0.5219999999999998
482,1,8,0.5209999999999998
483,1,44,0.5199999999999998
484,0,17,0.5189999999999998
485,0,26,0.5179999999999998
486,0,29,0.5169999999999998
487,0,11,0.5159999999999998
488,0,35,0.5149999999999998
489,1,36,0.5139999999999998
490,0,53,0.5129999999999998
491,1,28,0.5119999999999998
492,1,27,0.5109999999999998
493,0,36,0.5099999999999998
494,2,83,0.5089999999999998
495,1,34,0.5079999999999998
496,1,57,0.5069999999999998
497,1,65,0.5059999999999998
498,0,59,0.5049999999999998
499,0,54,0.5039999999999998
500,1,27,0.5029999999999998
501,0,63,0.5019999999999998
502,1,54,0.5009999999999998
503,1,49,0.4999999999999998
504,1,17,0.4989999999999998
505,2,43,0.4979999999999998
506,1,38,0.4969999999999998
507,1,20,0.4959999999999998
508,1,29,0.4949999999999998
509,1,53,0.4939999999999998
510,1,13,0.49299999999999977
511,1,45,0.49199999999999977
512,1,97,0.49099999999999977
513,0,27,0.48999999999999977
514,1,15,0.48899999999999977
515,1,44,0.48799999999999977
516,1,41,0.48699999999999977
517,1,28,0.48599999999999977
518,1,66,0.48499999999999976
519,0,23,0.48399999999999976
520,0,29,0.48299999999999976
521,1,36,0.48199999999999976
522,1,55,0.48099999999999976
523,0,24,0.47999999999999976
524,1,30,0.47899999999999976
525,2,52,0.47799999999999976
526,2,96,0.47699999999999976
527,0,21,0.47599999999999976
528,0,29,0.47499999999999976
529,1,18,0.47399999999999975
530,2,99,0.47299999999999975
531,2,60,0.47199999999999975
532,1,75,0.47099999999999975
533,2,39,0.46999999999999975
534,2,47,0.46899999999999975
535,1,81,0.46799999999999975
536,1,60,0.46699999999999975
537,0,27,0.46599999999999975
538,1,20,0.46499999999999975
539,3,50,0.46399999999999975
540,1,117,0.46299999999999975
541,1,29,0.46199999999999974
542,1,49,0.46099999999999974
543,0,20,0.45999999999999974
544,0,24,0.45899999999999974
545,1,33,0.45799999999999974
546,1,51,0.45699999999999974
547,0,26,0.45599999999999974
548,0,19,0.45499999999999974
549,1,15,0.45399999999999974
550,1,27,0.45299999999999974
551,1,6,0.45199999999999974
552,0,14,0.45099999999999973
553,1,39,0.44999999999999973
554,1,31,0.44899999999999973
555,2,46,0.44799999999999973
556,1,49,0.44699999999999973
557,1,18,0.44599999999999973
558,2,83,0.44499999999999973
559,1,26,0.44399999999999973
560,1,26,0.4429999999999997
561,0,39,0.4419999999999997
562,1,41,0.4409999999999997
563,1,21,0.4399999999999997
564,1,21,0.4389999999999997
565,1,43,0.4379999999999997
566,1,28,0.4369999999999997
567,1,39,0.4359999999999997
568,1,49,0.4349999999999997
569,1,27,0.4339999999999997
570,1,25,0.4329999999999997
571,1,132,0.4319999999999997
572,1,60,0.4309999999999997
573,1,41,0.4299999999999997
574,1,19,0.4289999999999997
575,1,86,0.4279999999999997
576,1,28,0.4269999999999997
577,1,31,0.4259999999999997
578,2,18,0.4249999999999997
579,1,26,0.4239999999999997
580,1,48,0.4229999999999997
581,1,26,0.4219999999999997
582,0,18,0.4209999999999997
583,1,36,0.4199999999999997
584,1,29,0.4189999999999997
585,2,70,0.4179999999999997
586,1,43,0.4169999999999997
587,1,61,0.4159999999999997
588,0,24,0.4149999999999997
589,1,50,0.4139999999999997
590,1,33,0.4129999999999997
591,1,9,0.4119999999999997
592,2,47,0.4109999999999997
593,1,41,0.4099999999999997
594,2,33,0.4089999999999997
595,2,94,0.4079999999999997
596,1,95,0.4069999999999997
597,2,79,0.4059999999999997
598,0,19,0.4049999999999997
599,1,25,0.4039999999999997
600,1,31,0.4029999999999997
601,1,71,0.4019999999999997
602,3,41,0.4009999999999997
603,0,27,0.3999999999999997
604,1,23,0.3989999999999997
605,0,13,0.3979999999999997
606,1,48,0.3969999999999997
607,2,66,0.3959999999999997
608,3,71,0.3949999999999997
609,1,45,0.3939999999999997
610,0,19,0.3929999999999997
611,1,50,0.3919999999999997
612,1,219,0.3909999999999997
613,1,31,0.3899999999999997
614,1,30,0.3889999999999997
615,0,27,0.3879999999999997
616,1,33,0.3869999999999997
617,1,22,0.3859999999999997
618,0,38,0.3849999999999997
619,1,46,0.3839999999999997
620,0,27,0.3829999999999997
621,1,56,0.3819999999999997
622,0,14,0.3809999999999997
623,1,10,0.37999999999999967
624,1,64,0.37899999999999967
625,3,66,0.37799999999999967
626,0,27,0.37699999999999967
627,1,92,0.37599999999999967
628,0,118,0.37499999999999967
629,1,66,0.37399999999999967
630,1,74,0.37299999999999967
631,1,23,0.37199999999999966
632,1,35,0.37099999999999966
633,0,60,0.36999999999999966
634,1,81,0.36899999999999966
635,2,49,0.36799999999999966
636,1,27,0.36699999999999966
637,1,44,0.36599999999999966
638,1,64,0.36499999999999966
639,2,23,0.36399999999999966
640,1,54,0.36299999999999966
641,1,41,0.36199999999999966
642,0,42,0.36099999999999965
643,1,27,0.35999999999999965
644,3,59,0.35899999999999965
645,1,44,0.35799999999999965
646,1,26,0.35699999999999965
647,0,18,0.35599999999999965
648,1,50,0.35499999999999965
649,1,13,0.35399999999999965
650,1,29,0.35299999999999965
651,1,19,0.35199999999999965
652,1,23,0.35099999999999965
653,0,33,0.34999999999999964
654,1,22,0.34899999999999964
655,1,6,0.34799999999999964
656,1,46,0.34699999999999964
657,2,54,0.34599999999999964
658,1,25,0.34499999999999964
659,2,37,0.34399999999999964
660,2,40,0.34299999999999964
661,0,27,0.34199999999999964
662,2,114,0.34099999999999964
663,1,36,0.33999999999999964
664,0,26,0.33899999999999963
665,0,22,0.33799999999999963
666,2,52,0.33699999999999963
667,2,35,0.33599999999999963
668,0,32,0.33499999999999963
669,2,62,0.33399999999999963
670,1,29,0.33299999999999963
671,3,73,0.33199999999999963
672,1,27,0.33099999999999963
673,1,76,0.3299999999999996
674,3,32,0.3289999999999996
675,1,32,0.3279999999999996
676,0,41,0.3269999999999996
677,1,9,0.3259999999999996
678,1,23,0.3249999999999996
679,0,29,0.3239999999999996
680,2,82,0.3229999999999996
681,2,144,0.3219999999999996
682,1,35,0.3209999999999996
683,1,42,0.3199999999999996
684,2,25,0.3189999999999996
685,2,46,0.3179999999999996
686,3,45,0.3169999999999996
687,2,61,0.3159999999999996
688,2,36,0.3149999999999996
689,1,30,0.3139999999999996
690,1,29,0.3129999999999996
691,1,42,0.3119999999999996
692,1,132,0.3109999999999996
693,1,38,0.3099999999999996
694,1,59,0.3089999999999996
695,1,28,0.3079999999999996
696,0,11,0.3069999999999996
697,1,49,0.3059999999999996
698,1,35,0.3049999999999996
699,3,99,0.3039999999999996
700,1,22,0.3029999999999996
701,2,39,0.3019999999999996
702,1,29,0.3009999999999996
703,1,44,0.2999999999999996
704,1,34,0.2989999999999996
705,2,83,0.2979999999999996
706,1,28,0.2969999999999996
707,1,16,0.2959999999999996
708,1,74,0.2949999999999996
709,1,36,0.2939999999999996
710,1,30,0.2929999999999996
711,3,210,0.2919999999999996
712,1,20,0.2909999999999996
713,1,34,0.2899999999999996
714,0,14,0.2889999999999996
715,2,80,0.2879999999999996
716,1,25,0.2869999999999996
717,0,28,0.2859999999999996
718,2,58,0.2849999999999996
719,3,106,0.2839999999999996
720,1,35,0.2829999999999996
721,1,36,0.2819999999999996
722,1,14,0.2809999999999996
723,1,60,0.2799999999999996
724,2,94,0.2789999999999996
725,1,27,0.2779999999999996
726,3,56,0.2769999999999996
727,3,55,0.2759999999999996
728,3,131,0.2749999999999996
729,1,26,0.2739999999999996
730,1,31,0.2729999999999996
731,0,15,0.2719999999999996
732,0,20,0.2709999999999996
733,1,26,0.2699999999999996
734,1,35,0.2689999999999996
735,0,15,0.26799999999999957
736,0,12,0.26699999999999957
737,1,15,0.26599999999999957
738,1,11,0.26499999999999957
739,1,20,0.26399999999999957
740,2,54,0.26299999999999957
741,0,21,0.26199999999999957
742,0,17,0.26099999999999957
743,1,17,0.25999999999999956
744,1,43,0.25899999999999956
745,1,12,0.25799999999999956
746,2,27,0.25699999999999956
747,1,44,0.25599999999999956
748,2,39,0.25499999999999956
749,1,38,0.25399999999999956
750,1,40,0.25299999999999956
751,2,30,0.25199999999999956
752,1,60,0.25099999999999956
753,1,31,0.24999999999999956
754,1,15,0.24899999999999956
755,1,57,0.24799999999999955
756,1,35,0.24699999999999955
757,1,22,0.24599999999999955
758,3,97,0.24499999999999955
759,2,63,0.24399999999999955
760,5,136,0.24299999999999955
761,3,79,0.24199999999999955
762,2,58,0.24099999999999955
763,1,33,0.23999999999999955
764,3,52,0.23899999999999955
765,1,21,0.23799999999999955
766,1,12,0.23699999999999954
767,1,50,0.23599999999999954
768,2,57,0.23499999999999954
769,1,21,0.23399999999999954
770,1,19,0.23299999999999954
771,4,81,0.23199999999999954
772,3,87,0.23099999999999954
773,1,34,0.22999999999999954
774,1,33,0.22899999999999954
775,1,48,0.22799999999999954
776,1,53,0.22699999999999954
777,1,48,0.22599999999999953
778,0,21,0.22499999999999953
779,0,23,0.22399999999999953
780,1,41,0.22299999999999953
781,0,82,0.22199999999999953
782,3,119,0.22099999999999953
783,1,53,0.21999999999999953
784,3,44,0.21899999999999953
785,1,21,0.21799999999999953
786,1,16,0.21699999999999953
787,1,25,0.21599999999999953
788,1,18,0.21499999999999952
789,2,65,0.21399999999999952
790,2,22,0.21299999999999952
791,1,19,0.21199999999999952
792,5,117,0.21099999999999952
793,1,22,0.20999999999999952
794,2,30,0.20899999999999952
795,2,29,0.20799999999999952
796,1,10,0.20699999999999952
797,3,99,0.20599999999999952
798,2,50,0.20499999999999952
799,0,10,0.20399999999999952
800,0,15,0.20299999999999951
801,2,146,0.2019999999999995
802,0,11,0.2009999999999995
803,0,32,0.1999999999999995
804,1,16,0.1989999999999995
805,3,34,0.1979999999999995
806,1,72,0.1969999999999995
807,4,179,0.1959999999999995
808,6,227,0.1949999999999995
809,1,44,0.1939999999999995
810,1,42,0.1929999999999995
811,0,22,0.1919999999999995
812,2,44,0.1909999999999995
813,0,33,0.1899999999999995
814,1,38,0.1889999999999995
815,1,48,0.1879999999999995
816,1,28,0.1869999999999995
817,2,106,0.1859999999999995
818,3,67,0.1849999999999995
819,2,30,0.1839999999999995
820,1,39,0.1829999999999995
821,2,60,0.1819999999999995
822,1,30,0.1809999999999995
823,1,21,0.1799999999999995
824,1,46,0.1789999999999995
825,5,144,0.1779999999999995
826,1,45,0.1769999999999995
827,4,72,0.1759999999999995
828,1,25,0.1749999999999995
829,5,90,0.1739999999999995
830,2,50,0.1729999999999995
831,1,26,0.1719999999999995
832,1,45,0.17099999999999949
833,3,96,0.16999999999999948
834,1,22,0.16899999999999948
835,3,122,0.16799999999999948
836,5,165,0.16699999999999948
837,1,24,0.16599999999999948
838,1,34,0.16499999999999948
839,1,28,0.16399999999999948
840,1,35,0.16299999999999948
841,4,116,0.16199999999999948
842,4,120,0.16099999999999948
843,5,124,0.15999999999999948
844,5,125,0.15899999999999948
845,2,87,0.15799999999999947
846,2,98,0.15699999999999947
847,1,17,0.15599999999999947
848,1,30,0.15499999999999947
849,1,26,0.15399999999999947
850,1,34,0.15299999999999947
851,0,21,0.15199999999999947
852,1,29,0.15099999999999947
853,2,72,0.14999999999999947
854,2,104,0.14899999999999947
855,1,78,0.14799999999999947
856,2,35,0.14699999999999946
857,2,38,0.14599999999999946
858,3,88,0.14499999999999946
859,1,54,0.14399999999999946
860,2,52,0.14299999999999946
861,4,75,0.14199999999999946
862,3,45,0.14099999999999946
863,4,97,0.13999999999999946
864,0,73,0.13899999999999946
865,2,99,0.13799999999999946
866,3,86,0.13699999999999946
867,11,358,0.13599999999999945
868,1,20,0.13499999999999945
869,5,116,0.13399999999999945
870,2,59,0.13299999999999945
871,1,36,0.13199999999999945
872,1,26,0.13099999999999945
873,1,22,0.12999999999999945
874,4,94,0.12899999999999945
875,2,59,0.12799999999999945
876,3,85,0.12699999999999945
877,1,20,0.12599999999999945
878,5,122,0.12499999999999944
879,4,103,0.12399999999999944
880,1,42,0.12299999999999944
881,1,26,0.12199999999999944
882,3,92,0.12099999999999944
883,1,38,0.11999999999999944
884,1,23,0.11899999999999944
885,7,194,0.11799999999999944
886,5,113,0.11699999999999944
887,1,46,0.11599999999999944
888,1,25,0.11499999999999944
889,7,235,0.11399999999999944
890,1,29,0.11299999999999943
891,1,41,0.11199999999999943
892,4,95,0.11099999999999943
893,3,99,0.10999999999999943
894,0,12,0.10899999999999943
895,1,24,0.10799999999999943
896,2,53,0.10699999999999943
897,1,48,0.10599999999999943
898,1,34,0.10499999999999943
899,3,72,0.10399999999999943
900,5,114,0.10299999999999943
901,1,15,0.10199999999999942
902,2,57,0.10099999999999942
903,1,27,0.09999999999999942
904,1,21,0.09899999999999942
905,3,56,0.09799999999999942
906,1,45,0.09699999999999942
907,1,37,0.09599999999999942
908,3,83,0.09499999999999942
909,1,31,0.09399999999999942
910,5,160,0.09299999999999942
911,4,95,0.09199999999999942
912,5,141,0.09099999999999941
913,3,37,0.08999999999999941
914,1,28,0.08899999999999941
915,6,104,0.08799999999999941
916,1,29,0.08699999999999941
917,1,29,0.08599999999999941
918,1,42,0.08499999999999941
919,2,84,0.08399999999999941
920,10,192,0.08299999999999941
921,6,110,0.0819999999999994
922,2,60,0.0809999999999994
923,1,20,0.0799999999999994
924,1,15,0.0789999999999994
925,1,32,0.0779999999999994
926,6,136,0.0769999999999994
927,3,53,0.0759999999999994
928,2,35,0.0749999999999994
929,1,31,0.0739999999999994
930,1,55,0.0729999999999994
931,9,185,0.0719999999999994
932,2,38,0.0709999999999994
933,1,45,0.0699999999999994
934,3,69,0.0689999999999994
935,4,108,0.0679999999999994
936,8,145,0.0669999999999994
937,4,89,0.06599999999999939
938,1,36,0.06499999999999939
939,1,35,0.06399999999999939
940,10,258,0.06299999999999939
941,5,126,0.06199999999999939
942,4,67,0.06099999999999939
943,4,111,0.05999999999999939
944,3,51,0.058999999999999386
945,1,12,0.057999999999999385
946,2,74,0.056999999999999384
947,1,27,0.055999999999999384
948,10,213,0.05499999999999938
949,4,138,0.05399999999999938
950,5,179,0.05299999999999938
951,11,238,0.05199999999999938
952,4,122,0.05099999999999938
953,6,132,0.04999999999999938
954,2,90,0.04899999999999938
955,3,73,0.047999999999999376
956,2,76,0.046999999999999376
957,9,255,0.045999999999999375
958,3,69,0.044999999999999374
959,2,50,0.04399999999999937
960,1,50,0.04299999999999937
961,10,176,0.04199999999999937
962,1,96,0.04099999999999937
963,7,144,0.03999999999999937
964,4,85,0.03899999999999937
965,4,78,0.03799999999999937
966,3,70,0.03699999999999937
967,2,74,0.035999999999999366
968,1,29,0.034999999999999365
969,3,41,0.033999999999999364
970,1,29,0.03299999999999936
971,2,60,0.03199999999999936
972,12,248,0.03099999999999936
973,9,189,0.02999999999999936
974,4,93,0.02899999999999936
975,3,68,0.02799999999999936
976,4,90,0.026999999999999358
977,11,145,0.025999999999999357
978,1,32,0.024999999999999356
979,1,27,0.023999999999999355
980,2,65,0.022999999999999354
981,8,245,0.021999999999999353
982,7,136,0.020999999999999353
983,8,195,0.01999999999999935
984,2,60,0.01899999999999935
985,2,30,0.01799999999999935
986,7,142,0.01699999999999935
987,11,274,0.015999999999999348
988,1,27,0.014999999999999347
989,9,161,0.013999999999999346
990,1,25,0.012999999999999345
991,1,40,0.011999999999999345
992,3,71,0.010999999999999344
993,23,416,0.009999999999999343
994,1,38,0.008999999999999342
995,15,312,0.007999999999999341
996,2,30,0.006999999999999341
997,9,246,0.005999999999999341
998,10,268,0.004999999999999341
999,3,77,0.003999999999999341
1000,20,483,0.003
1001,6,106,0.003
1002,3,81,0.003
1003,1,30,0.003
1004,8,232,0.003
1005,12,212,0.003
1006,15,362,0.003
1007,4,112,0.003
1008,7,100,0.003
1009,21,580,0.003
1010,3,46,0.003
1011,12,273,0.003
1012,7,179,0.003
1013,12,280,0.003
1014,5,107,0.003
1015,24,543,0.003
1016,6,138,0.003
1017,14,245,0.003
1018,16,370,0.003
1019,31,745,0.003
1020,4,99,0.003
1021,2,56,0.003
1022,5,154,0.003
1023,25,628,0.003
1024,5,102,0.003
1025,6,125,0.003
1026,7,192,0.003
1027,3,42,0.003
1028,19,387,0.003
1029,10,166,0.003
1030,20,522,0.003
1031,10,216,0.003
1032,11,170,0.003
1033,2,34,0.003
1034,11,272,0.003
1035,23,574,0.003
1036,7,149,0.003
1037,7,216,0.003
1038,16,444,0.003
1039,25,624,0.003
1040,16,363,0.003
1041,9,176,0.003
1042,35,770,0.003
1043,1,43,0.003
1044,35,883,0.003
1045,20,426,0.003
1046,9,194,0.003
1047,14,284,0.003
1048,1,30,0.003
1049,10,217,0.003
1050,6,125,0.003
1051,19,441,0.003
1052,31,717,0.003
1053,27,637,0.003
1054,29,735,0.003
1055,21,442,0.003
1056,15,284,0.003
1057,10,242,0.003
1058,34,831,0.003
1059,31,850,0.003
1060,27,668,0.003
1061,27,640,0.003
1062,13,213,0.003
1063,6,126,0.003
1064,18,483,0.003
1065,11,278,0.003
1066,19,477,0.003
1067,20,398,0.003
1068,31,794,0.003
1069,31,719,0.003
1070,20,449,0.003
1071,10,216,0.003
1072,20,624,0.003
1073,2,42,0.003
1074,8,161,0.003
1075,35,890,0.003
1076,17,366,0.003
1077,14,351,0.003
1078,13,360,0.003
1079,10,243,0.003
1080,40,1002,0.003
1081,43,1071,0.003
1082,28,695,0.003
1083,26,646,0.003
1084,31,654,0.003
1085,3,68,0.003
1086,33,875,0.003
1087,36,746,0.003
1088,18,313,0.003
1089,23,574,0.003
1090,15,356,0.003
1091,1,30,0.003
1092,55,1581,0.003
1093,17,351,0.003
1094,18,407,0.003
1095,16,300,0.003
1096,21,350,0.003
1097,3,83,0.003
1098,18,428,0.003
1099,16,362,0.003
1100,12,334,0.003
1101,10,238,0.003
1102,23,695,0.003
1103,7,145,0.003
1104,34,976,0.003
1105,3,57,0.003
1106,1,38,0.003
1107,20,437,0.003
1108,27,601,0.003
1109,42,1184,0.003
1110,4,83,0.003
1111,18,375,0.003
1112,18,435,0.003
1113,15,293,0.003
1114,14,246,0.003
1115,13,257,0.003
1116,22,505,0.003
1117,23,578,0.003
1118,15,382,0.003
1119,15,402,0.003
1120,29,760,0.003
1121,2,58,0.003
1122,12,284,0.003
1123,13,289,0.003
1124,26,695,0.003
1125,17,408,0.003
1126,18,373,0.003
1127,25,578,0.003
1128,42,1188,0.003
1129,0,42,0.003
1130,26,774,0.003
1131,29,742,0.003
1132,6,118,0.003
1133,33,709,0.003
1134,37,942,0.003
1135,16,370,0.003
1136,16,464,0.003
1137,18,398,0.003
1138,16,394,0.003
1139,1,44,0.003
1140,14,327,0.003
1141,27,656,0.003
1142,5,168,0.003
1143,6,133,0.003
1144,13,337,0.003
1145,10,254,0.003
1146,36,847,0.003
1147,4,78,0.003
1148,36,1056,0.003
1149,4,110,0.003
1150,46,1129,0.003
1151,17,415,0.003
1152,5,146,0.003
1153,10,251,0.003
1154,31,782,0.003
1155,17,446,0.003
1156,13,228,0.003
1157,17,490,0.003
1158,9,201,0.003
1159,15,353,0.003
1160,29,575,0.003
1161,21,531,0.003
1162,12,274,0.003
1163,20,572,0.003
1164,29,714,0.003
1165,21,572,0.003
1166,21,572,0.003
1167,7,191,0.003
1168,3,126,0.003
1169,5,134,0.003
1170,16,372,0.003
1171,15,427,0.003
1172,17,387,0.003
1173,4,134,0.003
1174,24,658,0.003
1175,17,312,0.003
1176,7,168,0.003
1177,17,406,0.003
1178,4,108,0.003
1179,39,892,0.003
1180,28,740,0.003
1181,38,1059,0.003
1182,7,172,0.003
1183,20,540,0.003
1184,20,416,0.003
1185,9,198,0.003
1186,20,526,0.003
1187,30,838,0.003
1188,21,601,0.003
1189,21,466,0.003
1190,23,576,0.003
1191,2,58,0.003
1192,27,614,0.003
1193,29,634,0.003
1194,7,239,0.003
1195,54,1494,0.003
1196,14,319,0.003
1197,63,1647,0.003
1198,7,136,0.003
1199,46,1238,0.003
1200,21,439,0.003
1201,13,223,0.003
1202,15,422,0.003
1203,14,398,0.003
1204,28,728,0.003
1205,24,603,0.003
1206,44,1230,0.003
1207,26,603,0.003
1208,4,86,0.003
1209,30,936,0.003
1210,41,1007,0.003
1211,32,822,0.003
1212,26,534,0.003
1213,11,216,0.003
1214,6,86,0.003
1215,3,134,0.003
1216,5,106,0.003
1217,26,610,0.003
1218,56,1681,0.003
1219,10,204,0.003
1220,37,914,0.003
1221,25,694,0.003
1222,31,741,0.003
1223,37,1030,0.003
1224,29,733,0.003
1225,28,631,0.003
1226,4,119,0.003
1227,35,766,0.003
1228,35,909,0.003
1229,6,158,0.003
1230,22,530,0.003
1231,19,484,0.003
1232,8,226,0.003
1233,23,544,0.003
1234,21,504,0.003
1235,55,1333,0.003
1236,21,586,0.003
1237,29,784,0.003
1238,18,408,0.003
1239,8,296,0.003
1240,23,573,0.003
1241,25,659,0.003
1242,27,577,0.003
1243,12,332,0.003
1244,36,1146,0.003
1245,1,53,0.003
1246,29,626,0.003
1247,50,1568,0.003
1248,38,962,0.003
1249,29,842,0.003
1250,36,1023,0.003
1251,8,224,0.003
1252,32,923,0.003
1253,41,1031,0.003
1254,39,1188,0.003
1255,29,838,0.003
1256,6,164,0.003
1257,28,725,0.003
1258,45,1383,0.003
1259,13,319,0.003
1260,30,649,0.003
1261,15,338,0.003
1262,35,763,0.003
1263,14,319,0.003
1264,37,840,0.003
1265,6,158,0.003
1266,9,270,0.003
1267,15,348,0.003
1268,29,808,0.003
1269,26,671,0.003
1270,10,200,0.003
1271,21,525,0.003
1272,31,695,0.003
1273,18,438,0.003
1274,58,1744,0.003
1275,32,874,0.003
1276,32,828,0.003
1277,20,582,0.003
1278,36,1051,0.003
1279,18,394,0.003
1280,35,831,0.003
1281,25,489,0.003
1282,29,789,0.003
1283,32,1057,0.003
1284,47,1261,0.003
1285,43,1101,0.003
1286,26,651,0.003
1287,16,355,0.003
1288,33,792,0.003
1289,33,872,0.003
1290,29,739,0.003
1291,52,1292,0.003
1292,17,535,0.003
1293,37,1039,0.003
1294,26,679,0.003
1295,13,277,0.003
1296,18,485,0.003
1297,15,389,0.003
1298,26,611,0.003
1299,46,1141,0.003
1300,5,121,0.003
1301,15,464,0.003
1302,38,953,0.003
1303,28,631,0.003
1304,22,571,0.003
1305,22,478,0.003
1306,35,769,0.003
1307,19,442,0.003
1308,14,341,0.003
1309,12,264,0.003
1310,17,414,0.003
1311,10,155,0.003
1312,27,680,0.003
1313,11,310,0.003
1314,16,388,0.003
1315,16,375,0.003
1316,34,666,0.003
1317,29,680,0.003
1318,12,283,0.003
1319,28,712,0.003
1320,34,822,0.003
1321,25,649,0.003
1322,5,168,0.003
1323,15,350,0.003
1324,15,356,0.003
1325,31,789,0.003
1326,8,184,0.003
1327,34,961,0.003
1328,29,754,0.003
1329,4,97,0.003
1330,32,811,0.003
1331,23,490,0.003
1332,42,1211,0.003
1333,46,1308,0.003
1334,9,176,0.003
1335,3,47,0.003
1336,21,419,0.003
1337,37,958,0.003
1338,28,796,0.003
1339,2,38,0.003
1340,32,823,0.003
1341,17,362,0.003
1342,35,867,0.003
1343,37,853,0.003
1344,17,526,0.003
1345,9,171,0.003
1346,36,984,0.003
1347,21,473,0.003
1348,26,638,0.003
1349,15,364,0.003
1350,47,1139,0.003
1351,21,548,0.003
1352,36,875,0.003
1353,16,337,0.003
1354,15,396,0.003
1355,20,454,0.003
1356,48,1371,0.003
1357,16,262,0.003
1358,24,550,0.003
1359,22,618,0.003
1360,19,515,0.003
1361,24,591,0.003
1362,1,30,0.003
1363,52,1525,0.003
1364,18,477,0.003
1365,29,777,0.003
1366,37,892,0.003
1367,21,490,0.003
1368,18,397,0.003
1369,24,615,0.003
1370,38,1021,0.003
1371,42,1142,0.003
1372,48,1441,0.003
1373,1,13,0.003
1374,30,776,0.003
1375,28,764,0.003
1376,15,356,0.003
1377,41,967,0.003
1378,13,367,0.003
1379,51,1468,0.003
1380,19,457,0.003
1381,25,519,0.003
1382,54,1581,0.003
1383,1,58,0.003
1384,5,99,0.003
1385,22,729,0.003
1386,4,102,0.003
1387,31,870,0.003
1388,24,556,0.003
1389,36,899,0.003
1390,18,372,0.003
1391,2,90,0.003
1392,27,612,0.003
1393,26,649,0.003
1394,37,1113,0.003
1395,30,778,0.003
1396,27,599,0.003
1397,12,316,0.003
1398,29,685,0.003
1399,6,126,0.003
1400,14,409,0.003
1401,37,991,0.003
1402,32,812,0.003
1403,42,1084,0.003
1404,37,1099,0.003
1405,31,671,0.003
1406,22,456,0.003
1407,27,695,0.003
1408,37,909,0.003
1409,6,113,0.003
1410,2,69,0.003
1411,16,443,0.003
1412,31,883,0.003
1413,10,207,0.003
1414,1,29,0.003
1415,23,636,0.003
1416,27,594,0.003
1417,42,1049,0.003
1418,2,50,0.003
1419,30,736,0.003
1420,44,1113,0.003
1421,21,520,0.003
1422,47,1312,0.003
1423,18,433,0.003
1424,15,342,0.003
1425,17,347,0.003
1426,4,120,0.003
1427,30,834,0.003
1428,16,373,0.003
1429,6,408,0.003
1430,30,756,0.003
1431,22,555,0.003
1432,21,413,0.003
1433,21,489,0.003
1434,32,767,0.003
1435,33,892,0.003
1436,39,946,0.003
1437,21,504,0.003
1438,19,422,0.003
1439,40,1151,0.003
1440,46,1246,0.003
1441,14,275,0.003
1442,35,1004,0.003
1443,18,455,0.003
1444,29,728,0.003
1445,47,1400,0.003
1446,40,1119,0.003
1447,39,940,0.003
1448,35,845,0.003
1449,31,875,0.003
1450,33,788,0.003
1451,41,1230,0.003
1452,10,248,0.003
1453,30,814,0.003
1454,21,427,0.003
1455,49,1233,0.003
1456,35,855,0.003
1457,17,377,0.003
1458,37,951,0.003
1459,12,259,0.003
1460,39,886,0.003
1461,28,707,0.003
1462,25,531,0.003
1463,27,727,0.003
1464,22,558,0.003
1465,19,554,0.003
1466,35,947,0.003
1467,34,1258,0.003
1468,36,1173,0.003
1469,1,60,0.003
1470,20,500,0.003
1471,30,765,0.003
1472,20,480,0.003
1473,42,1128,0.003
1474,11,231,0.003
1475,37,1051,0.003
1476,13,269,0.003
1477,19,487,0.003
1478,22,491,0.003
1479,45,1210,0.003
1480,32,909,0.003
1481,11,212,0.003
1482,35,741,0.003
1483,32,932,0.003
1484,32,832,0.003
1485,23,486,0.003
1486,48,1296,0.003
1487,48,1060,0.003
1488,15,336,0.003
1489,23,534,0.003
1490,40,1062,0.003
1491,30,717,0.003
1492,33,691,0.003
1493,20,427,0.003
1494,25,593,0.003
1495,25,616,0.003
1496,25,663,0.003
1497,45,1066,0.003
1498,19,390,0.003
1499,26,634,0.003
1500,30,677,0.003
1501,10,278,0.003
1502,37,996,0.003
1503,51,1123,0.003
1504,11,231,0.003
1505,29,855,0.003
1506,7,216,0.003
1507,31,872,0.003
1508,49,1298,0.003
1509,29,1882,0.003
1510,4,120,0.003
1511,35,884,0.003
1512,35,748,0.003
1513,28,695,0.003
1514,30,774,0.003
1515,20,576,0.003
1516,33,833,0.003
1517,18,509,0.003
1518,31,823,0.003
1519,52,1403,0.003
1520,29,863,0.003
1521,11,370,0.003
1522,53,1523,0.003
1523,21,529,0.003
1524,17,407,0.003
1525,17,452,0.003
1526,48,1169,0.003
1527,33,895,0.003
1528,27,754,0.003
1529,4,126,0.003
1530,26,637,0.003
1531,28,646,0.003
1532,20,491,0.003
1533,40,1073,0.003
1534,40,1146,0.003
1535,33,885,0.003
1536,25,665,0.003
1537,36,957,0.003
1538,31,811,0.003
1539,3,97,0.003
1540,62,1756,0.003
1541,9,235,0.003
1542,19,500,0.003
1543,32,834,0.003
1544,8,155,0.003
1545,31,887,0.003
1546,28,584,0.003
1547,28,770,0.003
1548,15,374,0.003
1549,43,1256,0.003
1550,13,320,0.003
1551,25,589,0.003
1552,12,855,0.003
1553,21,711,0.003
1554,5,117,0.003
1555,41,1154,0.003
1556,23,609,0.003
1557,17,579,0.003
1558,23,517,0.003
1559,14,950,0.003
1560,5,387,0.003
1561,1,738,0.003
1562,22,517,0.003
1563,26,577,0.003
1564,24,661,0.003
1565,40,980,0.003
1566,2,226,0.003
1567,31,901,0.003
1568,24,561,0.003
1569,1,79,0.003
1570,34,932,0.003
1571,4,139,0.003
1572,28,705,0.003
1573,17,410,0.003
1574,23,586,0.003
1575,37,838,0.003
1576,5,95,0.003
1577,41,1090,0.003
1578,19,461,0.003
1579,19,475,0.003
1580,8,282,0.003
1581,8,135,0.003
1582,8,205,0.003
1583,37,1037,0.003
1584,13,559,0.003
1585,46,1423,0.003
1586,4,89,0.003
1587,6,329,0.003
1588,16,917,0.003
1589,36,1165,0.003
1590,42,1104,0.003
1591,16,395,0.003
1592,8,479,0.003
1593,35,961,0.003
1594,10,258,0.003
1595,15,374,0.003
1596,22,473,0.003
1597,18,405,0.003
1598,18,426,0.003
1599,16,316,0.003
1600,17,542,0.003
1601,16,350,0.003
1602,3,94,0.003
1603,39,875,0.003
1604,6,153,0.003
1605,21,610,0.003
1606,43,1176,0.003
1607,13,247,0.003
1608,2,1293,0.003
1609,18,617,0.003
1610,6,94,0.003
1611,10,254,0.003
1612,15,295,0.003
1613,2,80,0.003
1614,2,30,0.003
1615,18,501,0.003
1616,8,253,0.003
1617,4,145,0.003
1618,22,548,0.003
1619,31,652,0.003
1620,39,1153,0.003
1621,48,1505,0.003
1622,17,390,0.003
1623,20,2827,0.003
1624,4,123,0.003
1625,27,674,0.003
1626,7,972,0.003
1627,2,541,0.003
1628,9,155,0.003
1629,16,447,0.003
1630,15,371,0.003
1631,34,836,0.003
1632,30,1249,0.003
1633,8,295,0.003
1634,31,714,0.003
1635,43,1195,0.003
1636,34,865,0.003
1637,5,165,0.003
1638,3,86,0.003
1639,23,826,0.003
1640,19,393,0.003
1641,12,370,0.003
1642,2,783,0.003
1643,26,651,0.003
1644,11,302,0.003
1645,20,485,0.003
1646,20,499,0.003
1647,2,66,0.003
1648,41,1105,0.003
1649,41,1033,0.003
1650,15,270,0.003
1651,17,401,0.003
1652,28,733,0.003
1653,4,151,0.003
1654,20,388,0.003
1655,15,295,0.003
1656,30,789,0.003
1657,2,387,0.003
1658,6,123,0.003
1659,15,427,0.003
1660,34,810,0.003
1661,6,506,0.003
1662,19,405,0.003
1663,37,1003,0.003
1664,31,693,0.003
1665,31,856,0.003
1666,20,463,0.003
1667,3,51,0.003
1668,6,583,0.003
1669,40,870,0.003
1670,19,521,0.003
1671,2,714,0.003
1672,22,563,0.003
1673,14,301,0.003
1674,22,585,0.003
1675,32,785,0.003
1676,33,785,0.003
1677,10,307,0.003
1678,4,363,0.003
1679,32,897,0.003
1680,37,1130,0.003
1681,21,496,0.003
1682,11,337,0.003
1683,34,731,0.003
1684,9,236,0.003
1685,20,479,0.003
1686,18,516,0.003
1687,10,195,0.003
1688,36,987,0.003
1689,20,551,0.003
1690,42,1092,0.003
1691,28,718,0.003
1692,31,886,0.003
1693,4,111,0.003
1694,12,294,0.003
1695,9,223,0.003
1696,29,907,0.003
1697,14,1270,0.003
1698,8,341,0.003
1699,18,382,0.003
1700,18,396,0.003
1701,5,74,0.003
1702,10,300,0.003
1703,40,1926,0.003
1704,2,93,0.003
1705,21,524,0.003
1706,23,794,0.003
1707,44,1214,0.003
1708,31,997,0.003
1709,22,603,0.003
1710,25,675,0.003
1711,0,805,0.003
1712,22,514,0.003
1713,29,786,0.003
1714,24,567,0.003
1715,13,345,0.003
1716,1,63,0.003
1717,13,315,0.003
1718,11,321,0.003
1719,25,643,0.003
1720,9,1348,0.003
1721,10,273,0.003
1722,38,869,0.003
1723,17,379,0.003
1724,1,79,0.003
1725,26,474,0.003
1726,31,815,0.003
1727,9,226,0.003
1728,19,489,0.003
1729,20,469,0.003
1730,13,687,0.003
1731,45,1082,0.003
1732,1,63,0.003
1733,32,728,0.003
1734,39,897,0.003
1735,13,887,0.003
1736,15,377,0.003
1737,12,711,0.003
1738,41,1231,0.003
1739,39,1065,0.003
1740,29,1299,0.003
1741,18,1221,0.003
1742,2,85,0.003
1743,31,687,0.003
1744,7,1788,0.003
1745,16,365,0.003
1746,27,660,0.003
1747,15,459,0.003
1748,21,585,0.003
1749,33,842,0.003
1750,8,165,0.003
1751,23,523,0.003
1752,31,831,0.003
1753,16,395,0.003
1754,47,1353,0.003
1755,27,636,0.003
1756,32,872,0.003
1757,13,381,0.003
1758,24,672,0.003
1759,23,842,0.003
1760,4,85,0.003
1761,12,294,0.003
1762,42,1022,0.003
1763,14,351,0.003
1764,31,721,0.003
1765,19,557,0.003
1766,29,668,0.003
1767,34,952,0.003
1768,39,1039,0.003
1769,23,643,0.003
1770,4,65,0.003
1771,26,658,0.003
1772,34,726,0.003
1773,12,291,0.003
1774,21,489,0.003
1775,8,221,0.003
1776,37,933,0.003
1777,19,455,0.003
1778,50,1347,0.003
1779,2,44,0.003
1780,30,846,0.003
1781,17,416,0.003
1782,11,1407,0.003
1783,55,1610,0.003
1784,18,380,0.003
1785,14,359,0.003
1786,39,993,0.003
1787,31,736,0.003
1788,39,1112,0.003
1789,35,992,0.003
1790,24,507,0.003
1791,35,855,0.003
1792,31,1412,0.003
1793,14,392,0.003
1794,32,825,0.003
1795,39,1061,0.003
1796,16,369,0.003
1797,38,1024,0.003
1798,19,1780,0.003
1799,34,917,0.003
1800,7,191,0.003
1801,5,143,0.003
1802,18,488,0.003
1803,34,856,0.003
1804,34,936,0.003
1805,38,1058,0.003
1806,19,1343,0.003
1807,25,691,0.003
1808,30,769,0.003
1809,32,758,0.003
1810,43,1221,0.003
1811,30,810,0.003
1812,24,474,0.003
1813,18,553,0.003
1814,52,1429,0.003
1815,17,370,0.003
1816,3,90,0.003
1817,19,458,0.003
1818,20,433,0.003
1819,28,629,0.003
1820,21,529,0.003
1821,32,741,0.003
1822,23,605,0.003
1823,15,270,0.003
1824,22,453,0.003
1825,21,450,0.003
1826,15,267,0.003
1827,18,412,0.003
1828,17,453,0.003
1829,22,717,0.003
1830,33,1014,0.003
1831,9,131,0.003
1832,8,239,0.003
1833,6,239,0.003
1834,21,598,0.003
1835,42,1233,0.003
1836,42,1263,0.003
1837,24,608,0.003
1838,15,280,0.003
1839,41,979,0.003
1840,1,167,0.003
1841,23,492,0.003
1842,22,534,0.003
1843,2,47,0.003
1844,17,418,0.003
1845,43,1390,0.003
1846,44,1099,0.003
1847,31,816,0.003
1848,17,420,0.003
1849,5,95,0.003
1850,1,30,0.003
1851,18,494,0.003
1852,5,102,0.003
1853,45,1363,0.003
1854,17,599,0.003
1855,22,470,0.003
1856,12,227,0.003
1857,8,665,0.003
1858,45,1336,0.003
1859,8,204,0.003
1860,13,338,0.003
1861,44,1150,0.003
1862,29,713,0.003
1863,10,159,0.003
1864,12,295,0.003
1865,5,1547,0.003
1866,5,95,0.003
1867,18,356,0.003
1868,9,281,0.003
1869,41,960,0.003
1870,30,639,0.003
1871,6,201,0.003
1872,16,310,0.003
1873,19,438,0.003
1874,14,446,0.003
1875,33,849,0.003
1876,26,677,0.003
1877,44,1407,0.003
1878,14,301,0.003
1879,15,469,0.003
1880,19,405,0.003
1881,3,91,0.003
1882,8,203,0.003
1883,11,288,0.003
1884,18,369,0.003
1885,28,701,0.003
1886,32,900,0.003
1887,18,466,0.003
1888,2,1129,0.003
1889,10,423,0.003
1890,14,343,0.003
1891,30,1050,0.003
1892,21,520,0.003
1893,2,33,0.003
1894,18,419,0.003
1895,14,503,0.003
1896,7,191,0.003
1897,6,157,0.003
1898,38,1048,0.003
1899,32,793,0.003
1900,8,190,0.003
1901,31,674,0.003
1902,5,89,0.003
1903,6,151,0.003
1904,43,1310,0.003
1905,41,2178,0.003
1906,39,2612,0.003
1907,25,526,0.003
1908,41,917,0.003
1909,8,217,0.003
1910,39,1410,0.003
1911,11,298,0.003
1912,6,134,0.003
1913,1,30,0.003
1914,32,775,0.003
1915,16,425,0.003
1916,12,506,0.003
1917,10,250,0.003
1918,4,82,0.003
1919,33,981,0.003
1920,1,59,0.003
1921,43,1373,0.003
1922,16,483,0.003
1923,21,541,0.003
1924,36,827,0.003
1925,5,115,0.003
1926,19,598,0.003
1927,15,445,0.003
1928,20,491,0.003
1929,23,493,0.003
1930,30,642,0.003
1931,6,134,0.003
1932,17,488,0.003
1933,22,559,0.003
1934,6,150,0.003
1935,15,269,0.003
1936,20,558,0.003
1937,24,573,0.003
1938,16,349,0.003
1939,26,1138,0.003
1940,25,629,0.003
1941,12,486,0.003
1942,39,1051,0.003
1943,23,499,0.003
1944,1,194,0.003
1945,31,801,0.003
1946,36,1070,0.003
1947,14,416,0.003
1948,6,186,0.003
1949,12,427,0.003
1950,34,716,0.003
1951,23,450,0.003
1952,19,366,0.003
1953,18,437,0.003
1954,14,457,0.003
1955,30,721,0.003
1956,11,339,0.003
1957,3,221,0.003
1958,56,1456,0.003
1959,32,831,0.003
1960,9,468,0.003
1961,27,659,0.003
1962,21,473,0.003
1963,29,795,0.003
1964,11,286,0.003
1965,23,614,0.003
1966,39,973,0.003
1967,1,71,0.003
1968,46,1770,0.003
1969,29,788,0.003
1970,3,117,0.003
1971,18,579,0.003
1972,14,282,0.003
1973,3,164,0.003
1974,30,818,0.003
1975,22,562,0.003
1976,25,555,0.003
1977,29,732,0.003
1978,8,1260,0.003
1979,18,1403,0.003
1980,16,391,0.003
1981,25,621,0.003
1982,11,239,0.003
1983,34,933,0.003
1984,27,742,0.003
1985,16,388,0.003
1986,25,534,0.003
1987,14,2498,0.003
1988,38,1235,0.003
1989,21,565,0.003
1990,6,228,0.003
1991,20,581,0.003
1992,30,792,0.003
1993,30,1715,0.003
1994,13,253,0.003
1995,19,419,0.003
1996,30,803,0.003
1997,3,69,0.003
1998,38,1005,0.003
1999,7,367,0.003
2000,21,540,0.003
2001,7,193,0.003
2002,1,53,0.003
2003,20,471,0.003
2004,23,532,0.003
2005,26,735,0.003
2006,14,445,0.003
2007,22,579,0.003
2008,16,487,0.003
2009,2,95,0.003
2010,5,99,0.003
2011,8,211,0.003
2012,29,776,0.003
2013,8,247,0.003
2014,11,317,0.003
2015,36,997,0.003
2016,32,933,0.003
2017,39,1335,0.003
2018,1,95,0.003
2019,15,397,0.003
2020,15,348,0.003
2021,7,130,0.003
2022,12,285,0.003
2023,9,267,0.003
2024,27,888,0.003
2025,33,833,0.003
2026,24,715,0.003
2027,18,656,0.003
2028,38,1077,0.003
2029,15,354,0.003
2030,9,217,0.003
2031,5,325,0.003
2032,13,376,0.003
2033,13,336,0.003
2034,49,1285,0.003
2035,25,637,0.003
2036,7,132,0.003
2037,7,147,0.003
2038,5,105,0.003
2039,35,1013,0.003
2040,32,796,0.003
2041,33,918,0.003
2042,37,870,0.003
2043,28,640,0.003
2044,14,429,0.003
2045,19,538,0.003
2046,22,590,0.003
2047,24,1207,0.003
2048,7,171,0.003
2049,11,271,0.003
2050,20,449,0.003
2051,25,2171,0.003
2052,12,309,0.003
2053,11,409,0.003
2054,28,632,0.003
2055,29,632,0.003
2056,3,69,0.003
2057,7,163,0.003
2058,1,578,0.003
2059,23,540,0.003
2060,16,823,0.003
2061,2,41,0.003
2062,26,719,0.003
2063,19,464,0.003
2064,19,519,0.003
2065,16,402,0.003
2066,15,372,0.003
2067,37,935,0.003
2068,9,245,0.003
2069,21,481,0.003
2070,19,508,0.003
2071,33,1609,0.003
2072,24,697,0.003
2073,9,232,0.003
2074,43,1255,0.003
2075,24,553,0.003
2076,1,43,0.003
2077,15,577,0.003
2078,38,1074,0.003
2079,1,47,0.003
2080,41,1040,0.003
2081,29,817,0.003
2082,12,770,0.003
2083,23,607,0.003
2084,26,570,0.003
2085,11,300,0.003
2086,22,484,0.003
2087,4,197,0.003
2088,9,254,0.003
2089,30,782,0.003
2090,5,1642,0.003
2091,44,1246,0.003
2092,4,177,0.003
2093,19,479,0.003
2094,7,671,0.003
2095,3,63,0.003
2096,29,640,0.003
2097,23,625,0.003
2098,14,347,0.003
2099,30,787,0.003
2100,13,319,0.003
2101,20,550,0.003
2102,24,614,0.003
2103,40,1369,0.003
2104,8,197,0.003
2105,13,291,0.003
2106,32,755,0.003
2107,28,1851,0.003
2108,18,410,0.003
2109,22,687,0.003
2110,2,99,0.003
2111,23,595,0.003
2112,8,233,0.003
2113,12,331,0.003
2114,23,603,0.003
2115,31,728,0.003
2116,12,453,0.003
2117,23,615,0.003
2118,30,609,0.003
2119,14,424,0.003
2120,9,239,0.003
2121,26,537,0.003
2122,21,2127,0.003
2123,10,222,0.003
2124,16,628,0.003
2125,6,120,0.003
2126,17,477,0.003
2127,36,937,0.003
2128,25,525,0.003
2129,30,685,0.003
2130,29,761,0.003
2131,31,812,0.003
2132,2,32,0.003
2133,32,879,0.003
2134,52,1619,0.003
2135,3,39,0.003
2136,4,123,0.003
2137,2,42,0.003
2138,13,322,0.003
2139,3,65,0.003
2140,7,105,0.003
2141,6,133,0.003
2142,22,640,0.003
2143,27,631,0.003
2144,15,279,0.003
2145,15,301,0.003
2146,35,963,0.003
2147,24,547,0.003
2148,18,380,0.003
2149,2,341,0.003
2150,13,368,0.003
2151,18,1615,0.003
2152,14,1766,0.003
2153,5,191,0.003
2154,1,43,0.003
2155,26,832,0.003
2156,39,1777,0.003
2157,6,3075,0.003
2158,23,512,0.003
2159,43,1157,0.003
2160,27,737,0.003
2161,23,610,0.003
2162,41,1269,0.003
2163,31,922,0.003
2164,27,861,0.003
2165,50,1357,0.003
2166,13,253,0.003
2167,29,821,0.003
2168,12,296,0.003
2169,23,655,0.003
2170,16,431,0.003
2171,6,252,0.003
2172,25,621,0.003
2173,33,921,0.003
2174,14,368,0.003
2175,35,1189,0.003
2176,22,614,0.003
2177,12,177,0.003
2178,3,68,0.003
2179,18,422,0.003
2180,16,443,0.003
2181,30,711,0.003
2182,39,1384,0.003
2183,10,826,0.003
2184,13,313,0.003
2185,8,199,0.003
2186,18,424,0.003
2187,32,859,0.003
2188,30,754,0.003
2189,22,558,0.003
2190,5,144,0.003
2191,25,666,0.003
2192,19,573,0.003
2193,29,675,0.003
2194,8,157,0.003
2195,17,324,0.003
2196,23,500,0.003
2197,9,220,0.003
2198,16,410,0.003
2199,40,962,0.003
2200,10,377,0.003
2201,17,387,0.003
2202,16,335,0.003
2203,11,356,0.003
2204,17,461,0.003
2205,22,556,0.003
2206,41,978,0.003
2207,27,737,0.003
2208,19,524,0.003
2209,10,221,0.003
2210,18,377,0.003
2211,24,609,0.003
2212,4,755,0.003
2213,31,744,0.003
2214,36,1047,0.003
2215,37,1071,0.003
2216,16,1070,0.003
2217,26,1544,0.003
2218,51,1389,0.003
2219,26,583,0.003
2220,1,40,0.003
2221,23,574,0.003
2222,25,597,0.003
2223,29,771,0.003
2224,34,1039,0.003
2225,18,517,0.003
2226,11,263,0.003
2227,22,645,0.003
2228,4,119,0.003
2229,18,418,0.003
2230,40,1282,0.003
2231,4,681,0.003
2232,32,694,0.003
2233,21,1138,0.003
2234,28,833,0.003
2235,5,83,0.003
2236,22,401,0.003
2237,5,484,0.003
2238,25,629,0.003
2239,9,141,0.003
2240,2,69,0.003
2241,34,637,0.003
2242,31,877,0.003
2243,29,860,0.003
2244,9,308,0.003
2245,24,529,0.003
2246,14,367,0.003
2247,19,422,0.003
2248,21,531,0.003
2249,34,2199,0.003
2250,6,1861,0.003
2251,20,394,0.003
2252,20,515,0.003
2253,27,554,0.003
2254,3,155,0.003
2255,9,255,0.003
2256,22,558,0.003
2257,37,881,0.003
2258,18,575,0.003
2259,8,237,0.003
2260,41,1184,0.003
2261,4,139,0.003
2262,5,125,0.003
2263,23,532,0.003
2264,34,985,0.003
2265,32,1768,0.003
2266,12,373,0.003
2267,20,510,0.003
2268,14,336,0.003
2269,7,154,0.003
2270,27,823,0.003
2271,32,2606,0.003
2272,1,417,0.003
2273,17,680,0.003
2274,5,119,0.003
2275,12,901,0.003
2276,3,67,0.003
2277,30,700,0.003
2278,33,899,0.003
2279,18,469,0.003
2280,24,619,0.003
2281,14,293,0.003
2282,43,1288,0.003
2283,22,683,0.003
2284,2,93,0.003
2285,34,921,0.003
2286,24,607,0.003
2287,20,927,0.003
2288,3,366,0.003
2289,8,192,0.003
2290,12,281,0.003
2291,8,193,0.003
2292,6,163,0.003
2293,3,125,0.003
2294,17,414,0.003
2295,8,207,0.003
2296,15,348,0.003
2297,20,530,0.003
2298,11,4306,0.003
2299,22,527,0.003
2300,16,357,0.003
2301,11,268,0.003
2302,18,574,0.003
2303,7,109,0.003
2304,18,1949,0.003
2305,9,396,0.003
2306,14,459,0.003
2307,31,760,0.003
2308,7,189,0.003
2309,3,281,0.003
2310,11,769,0.003
2311,5,109,0.003
2312,36,831,0.003
2313,20,493,0.003
2314,34,849,0.003
2315,13,330,0.003
2316,28,587,0.003
2317,20,509,0.003
2318,29,742,0.003
2319,30,721,0.003
2320,34,956,0.003
2321,10,260,0.003
2322,25,610,0.003
2323,28,651,0.003
2324,40,1184,0.003
2325,28,1033,0.003
2326,7,404,0.003
2327,12,257,0.003
2328,13,280,0.003
2329,35,779,0.003
2330,19,478,0.003
2331,3,113,0.003
2332,17,392,0.003
2333,22,569,0.003
2334,26,794,0.003
2335,42,1081,0.003
2336,13,579,0.003
2337,1,93,0.003
2338,5,120,0.003
2339,8,646,0.003
2340,5,104,0.003
2341,21,578,0.003
2342,5,330,0.003
2343,14,306,0.003
2344,18,411,0.003
2345,3,111,0.003
2346,18,436,0.003
2347,19,407,0.003
2348,36,773,0.003
2349,43,1194,0.003
2350,4,877,0.003
2351,15,441,0.003
2352,4,99,0.003
2353,20,544,0.003
2354,7,185,0.003
2355,5,164,0.003
2356,28,693,0.003
2357,4,135,0.003
2358,7,189,0.003
2359,24,631,0.003
2360,43,986,0.003
2361,22,672,0.003
2362,3,119,0.003
2363,36,1129,0.003
2364,35,1085,0.003
2365,31,860,0.003
2366,10,245,0.003
2367,29,770,0.003
2368,11,279,0.003
2369,13,309,0.003
2370,30,789,0.003
2371,28,731,0.003
2372,17,463,0.003
2373,29,789,0.003
2374,15,384,0.003
2375,7,271,0.003
2376,31,807,0.003
2377,14,322,0.003
2378,13,299,0.003
2379,6,132,0.003
2380,21,547,0.003
2381,4,97,0.003
2382,22,419,0.003
2383,17,371,0.003
2384,3,26,0.003
2385,10,219,0.003
2386,11,437,0.003
2387,15,455,0.003
2388,26,581,0.003
2389,0,19,0.003
2390,10,193,0.003
2391,18,453,0.003
2392,10,215,0.003
2393,21,538,0.003
2394,29,574,0.003
2395,23,541,0.003
2396,8,1156,0.003
2397,7,216,0.003
2398,11,259,0.003
2399,3,486,0.003
2400,5,119,0.003
2401,23,644,0.003
2402,10,185,0.003
2403,3,97,0.003
2404,1,30,0.003
2405,4,68,0.003
2406,9,268,0.003
2407,15,471,0.003
2408,19,431,0.003
2409,9,215,0.003
2410,13,330,0.003
2411,12,731,0.003
2412,19,437,0.003
2413,18,689,0.003
2414,35,998,0.003
2415,25,526,0.003
2416,20,498,0.003
2417,28,713,0.003
2418,34,934,0.003
2419,1,29,0.003
2420,29,788,0.003
2421,11,275,0.003
2422,11,336,0.003
2423,32,1678,0.003
2424,49,1343,0.003
2425,25,790,0.003
2426,18,358,0.003
2427,2,1130,0.003
2428,14,377,0.003
2429,21,680,0.003
2430,37,1069,0.003
2431,10,671,0.003
2432,9,188,0.003
2433,11,238,0.003
2434,16,378,0.003
2435,30,641,0.003
2436,23,1700,0.003
2437,19,1240,0.003
2438,1,53,0.003
2439,44,1522,0.003
2440,33,887,0.003
2441,28,572,0.003
2442,30,1079,0.003
2443,7,1040,0.003
2444,41,1076,0.003
2445,23,773,0.003
2446,18,376,0.003
2447,5,149,0.003
2448,33,690,0.003
2449,10,1388,0.003
2450,12,1132,0.003
2451,31,848,0.003
2452,10,1483,0.003
2453,23,602,0.003
2454,12,323,0.003
2455,21,760,0.003
2456,9,2989,0.003
2457,16,388,0.003
2458,29,788,0.003
2459,18,476,0.003
2460,21,495,0.003
2461,22,1979,0.003
2462,2,43,0.003
2463,5,123,0.003
2464,21,1122,0.003
2465,30,599,0.003
2466,11,213,0.003
2467,29,693,0.003
2468,33,869,0.003
2469,27,600,0.003
2470,19,507,0.003
2471,8,97,0.003
2472,34,843,0.003
2473,9,194,0.003
2474,7,131,0.003
2475,16,345,0.003
2476,16,868,0.003
2477,27,650,0.003
2478,37,1036,0.003
2479,33,795,0.003
2480,29,617,0.003
2481,6,124,0.003
2482,8,710,0.003
2483,1,37,0.003
2484,28,765,0.003
2485,17,401,0.003
2486,3,105,0.003
2487,19,551,0.003
2488,16,345,0.003
2489,5,125,0.003
2490,26,480,0.003
2491,37,1047,0.003
2492,13,304,0.003
2493,11,254,0.003
2494,1,30,0.003
2495,15,463,0.003
2496,12,313,0.003
2497,28,669,0.003
2498,12,279,0.003
2499,44,1054,0.003
